{"products":[{"id":"24","name":"rose-gold-terrific-trio-necklace","title":"Rose Gold Terrific Trio Necklace","description":"The Inspiration:\n\nThe Rose Gold Terrific Trio Necklace is inspired by all things rose gold which means all things unique and out-of-the-box!","fullDescription":"The Rose Gold Terrific Trio Necklace has two rose gold chains along with the beautiful drop, making this a perfect head turner.\n925 Silver with Rose Gold plating \nAAA+ Quality Zircons\nLength: 42 cm+ 3 cm Adjustable \nCharm: 58mm\nRhodium finish to prevent tarnish \nComes with the Behold Jewellery kit and authenticity certificate","price":"2599","oldPrice":"","quantity":1,"currency":"INR","sku":"","outOfStock":false,"isFeatured":false,"categories":["6"],"images":[{"url":"/images/Pendant2.1.webp?rand=f300"},{"url":"/images/Pendant2.webp?rand=ed1e"}],"created":1712820685126,"updated":1712823919967,"isDefault":false},{"id":"23","name":"silver-zircon-dazzling-bracelet","title":"Silver Zircon Dazzling Bracelet","description":"The Inspiration:\n\nThis shimmering little Zircon Dazzling Bracelet is here to prove once and for all that great things come in small packages.","fullDescription":"AAA+ Quality Zircon Stones\nSterling silver \nAdjustable upto 3.5 inch with slider back\nRhodium e-coat to prevent tarnish\nComes with the Behold Jewellery kit and authenticity certificate","price":"2299","oldPrice":"","quantity":1,"currency":"INR","sku":"","outOfStock":false,"isFeatured":false,"categories":["7"],"images":[{"url":"/images/Bracelet2.1.webp?rand=151e"},{"url":"/images/Bracelet2.webp?rand=6e6b"}],"created":1712820480614,"updated":1712820480614,"isDefault":false},{"id":"22","name":"rose-gold-enchanting-empress-bracelet","title":"Rose Gold Enchanting Empress Bracelet","description":"The Inspiration:\n\nThe Rose Gold Enchanting Empress Bracelet is inspired by the enchanting colours that weave a tapestry of magic, inviting us to embrace the beauty that lies beyond the ordinary.","fullDescription":"This rose gold bracelet features alternating rectangle and square motifs, with rectangles set in coloured stones while the squares are adorned with zircons.\n\n925 Silver With Rose Gold Plating\nPerfect for sensitive skin\nThe length of the bracelet is 17 cm with a 4 cm adjustable portion\nMotif Height: 0.7 cm, Width: 1.64 cm\nComes with the Behold Jewellery kit and authenticity certificate\nContent: Bracelet\nNet Qty- 1 unit","price":"2299","oldPrice":"","quantity":1,"currency":"INR","sku":"","outOfStock":false,"isFeatured":false,"categories":["7"],"images":[{"url":"/images/Bracelet6.1.webp?rand=f643"},{"url":"/images/Bracelet6.webp?rand=e8ec"}],"created":1712819610839,"updated":1712819610839,"isDefault":false},{"id":"21","name":"rose-gold-deer-bracelet","title":"Rose Gold Deer Bracelet","description":"The Inspiration:\n\nThe allure of the deer cannot go unappreciated, hence this bracelet. You would love to try this.","fullDescription":"This rose gold bracelet has a deer motif with zircon studded in it.\n\n925 Silver with Rose Gold Plating\nPerfect for sensitive skin\nLength of chain: 16 cm + 4 cm Adjustable\nComes with the Behold Jewellery kit and authenticity certificate\nContent: Bracelet\nNet Qty- 1 unit","price":"1999","oldPrice":"","quantity":1,"currency":"INR","sku":"","outOfStock":false,"isFeatured":false,"categories":["7"],"images":[{"url":"/images/Bracelet5.1.webp?rand=a1ad"},{"url":"/images/Bracelet5.webp?rand=0253"}],"created":1712819491291,"updated":1712819628855,"isDefault":false},{"id":"20","name":"silver-love-me-more-bracelet","title":"Silver Love Me More Bracelet","description":"The Inspiration:\n\nThe Silver Love Me More Bracelet is a translation of beautiful memories of people who grew old together with their beloved partners.\n","fullDescription":"The silver bracelet has a beautiful centrepiece with oval-shaped designs that are studded with zircons.\n925 silver\nPerfect for sensitive skin\nRhodium e-coat to prevent tarnish\nLength of the bracelet is 17 cm with 3 cm adjustable portion\nDimensions: 3.6 cm x 0.7 cm\nComes with the Behold Jewellery kit and authenticity certificate\nNet Qty- 1 piece\n","price":"1399","oldPrice":"1999","quantity":1,"currency":"INR","sku":"","outOfStock":false,"isFeatured":false,"categories":["7"],"images":[{"url":"/images/Bracelet1.1.webp?rand=6d5f"},{"url":"/images/Bracelet1.webp?rand=94a7"}],"created":1712819402745,"updated":1712819654258,"isDefault":false},{"id":"19","name":"silver-colourful-square-bracelet","title":"Silver Colourful Square Bracelet","description":"The Inspiration:\n\nSuch bracelets are crafted to make you look beautiful, not just in appearance but as a reflection of the radiant and confident spirit that defines your unique elegance.","fullDescription":"This silver bracelet has a square motif with coloured stones.\n925 Silver \nPerfect for sensitive skin\nLength of chain: 5 cm + Adjustable\nComes with the Behold Jewellery kit and authenticity certificate\nContent: Bracelet\nNet Qty- 1 unit","price":"2299","oldPrice":"","quantity":1,"currency":"INR","sku":"","outOfStock":false,"isFeatured":false,"categories":["7"],"images":[{"url":"/images/Bracelet3.3.webp?rand=5d3b"},{"url":"/images/Bracelet3.webp?rand=d389"}],"created":1712819283845,"updated":1712819669550,"isDefault":false},{"id":"18","name":"rose-gold-deer-heart-necklace","title":"Rose Gold Deer Heart Necklace","description":"The Inspiration:\n\nThe Rose Gold Deer Heart Necklace is inspired by the beauty and elegance of the deer.","fullDescription":"The rose gold necklace has a beautiful silhouette of a deer with its antlers studded with a zircon.\n925 Silver with Rose Gold Plating\nPerfect for sensitive skin\nDimensions: 2.6 cm x 3 cm\nThe necklace size is 45 cm and the adjustable chain is 5 cm\nComes with the Behold Jewellery kit and authenticity certificate\nNet Qty- 1 piece","price":"1599","oldPrice":"1999","quantity":1,"currency":"INR","sku":"","outOfStock":false,"isFeatured":false,"categories":["6"],"images":[{"url":"/images/PBs1.1.webp?rand=c94c"},{"url":"/images/PBs1.webp?rand=0637"}],"created":1712819139496,"updated":1712819685629,"isDefault":false},{"id":"17","name":"rose-gold-drop-wreath-pendant-with-link-chain","title":"Rose Gold Drop Wreath Pendant With Link Chain","description":"Inspiration:\n\nCircle up your beautiful journey of life with ups and downs with this wreath. Gift yourself this pendant, made only of love.","fullDescription":"This rose gold pendant features a wreath design sporting zircons in different floral and leaf arrangements with a rosebud motif nestling a coloured stone.\n\n925 Silver with Rose Gold Plating\nPerfect for sensitive skin\nLength of chain: 44 cm + 5 cm Adjustable\nMotif Height: 2.1 cm, Width: 1.5 cm \nComes with the Behold Jewellery kit and authenticity certificate\nContent: Pendant with Link Chain\nNet Qty- 1 unit\n","price":"1899","oldPrice":"","quantity":1,"currency":"INR","sku":"","outOfStock":false,"isFeatured":false,"categories":["6"],"images":[{"url":"/images/Pendant1.1.jpg?rand=e25f"},{"url":"/images/Pendant1.webp?rand=0e1f"}],"created":1712819038830,"updated":1712819704712,"isDefault":false},{"id":"16","name":"silver-purple-sphere-pendant","title":"Silver Purple Sphere Pendant","description":"Inspiration:\n\nThe Silver Purple Sphere Pendant With Link Chain is inspired to bring the basic into the mainstream and make a minimal statement like never before.","fullDescription":"Includes 16\" + 2\" adjustable Silver Chain\nPendant Size : 19mm x 14mm\nRhodium e-coat to prevent tarnish \nComes with the Behold Jewellery kit and authenticity certificate","price":"1999","oldPrice":"2399","quantity":1,"currency":"INR","sku":"","outOfStock":false,"isFeatured":false,"categories":["6"],"images":[{"url":"/images/PNa1.1.jpg?rand=a726"},{"url":"/images/PNa1.webp?rand=fc51"}],"created":1712818904285,"updated":1712819719138,"isDefault":false},{"id":"15","name":"silver-starry-drop-necklace","title":"Silver Starry Drop Necklace","description":"The Inspiration:\n\nShe deserves bling that adds to her shine, she deserves something just as divine. Hence, this Silver Starry Drop Necklace.\n","fullDescription":"Let the stars light you up, always.\n\nIncludes 16\" + 2\" adjustable Silver Chain\nHypoallergenic - 925 Sterling Silver \nAAA+ Quality Zircons\nRhodium e-coat to prevent tarnish \nComes with the Behold Jewellery kit and authenticity certificate","price":"2599","oldPrice":"3899","quantity":1,"currency":"INR","sku":"","outOfStock":false,"isFeatured":false,"categories":["6"],"images":[{"url":"/images/Pendant4.1.webp?rand=f3f2"},{"url":"/images/Pendant4.webp?rand=bbfb"}],"created":1712818786144,"updated":1712824322234,"isDefault":false},{"id":"14","name":"rose-gold-princess-earrings","title":"Rose Gold Princess Earrings","description":"The Inspiration:\n\nThe Rose Gold Princess Earrings are inspired by the one who knows her time to shine has come.","fullDescription":"These earrings have an eye-catching elongated hoop with a cluster of zircons on the top and the bottom tip.\n\n925 Silver \nPerfect for sensitive skin\nSize: Height - 3.6 cm, Width - 1.6 cm\nComes with the Behold Jewellery kit and authenticity certificate\nContent: Earrings\nNet Qty- 1 pair","price":"2599","oldPrice":"","quantity":1,"currency":"INR","sku":"","outOfStock":false,"isFeatured":false,"categories":["5"],"images":[{"url":"/images/EBs1.1.webp?rand=7dea"},{"url":"/images/EBs1.webp?rand=2fc5"}],"created":1712818558096,"updated":1712824064327,"isDefault":false},{"id":"13","name":"silver-memorable-zircon-earrings","title":"Silver Memorable Zircon Earrings","description":"The Inspiration:\n\nThe delicate zircon stones are set in a simple yet elegant silver setting, creating a look that is both timeless and memorable. The earrings are perfect for any occasion, from a day at the office to a special event.","fullDescription":"These silver earrings feature a circular motif with a large zircon stud at the centre, surrounded by a layer of small zircons.\n925 Silver\nPerfect for sensitive skin\nSize: Height - 0.9 cm, Width - 0.9 cm\nComes with the Behold Jewellery kit and authenticity certificate\nContent: Earrings\nNet Qty- 1 pair","price":"2599","oldPrice":"","quantity":1,"currency":"INR","sku":"","outOfStock":false,"isFeatured":false,"categories":["5"],"images":[{"url":"/images/ENa1.1.webp?rand=d096"},{"url":"/images/ENa1.webp?rand=ccc5"}],"created":1712818340648,"updated":1712819785757,"isDefault":false},{"id":"12","name":"silver-forest-green-shining-halo-studs","title":"Silver Forest Green Shining Halo Studs","description":"The Inspiration:\n\nThis whimsical pair will be sure to make your side of the grass greener.","fullDescription":"These silver earrings feature a circular motif set with zircons nestling a green stone in the centre.\n\n925 Silver \nPerfect for sensitive skin\nEarring Size: Height - 0.8 cm, Width - 0.8 cm\nComes with the Behold Jewellery kit and authenticity certificate\nContent: Earrings\nNet Qty- 1 pair","price":"1599","oldPrice":"1999","quantity":1,"currency":"INR","sku":"","outOfStock":false,"isFeatured":false,"categories":["5"],"images":[{"url":"/images/Earring2.1.webp?rand=6838"},{"url":"/images/Earring2.webp?rand=d960"}],"created":1712818046495,"updated":1712820007569,"isDefault":false},{"id":"11","name":"silver-zircon-bold-baguette-earrings","title":"Silver Zircon Bold Baguette Earrings","description":"The Inspiration:\n\nThese Silver Zircon Bold Baguette Earrings do their own talking. They have only one message for YOU – Be Bold, Be YOU!","fullDescription":"These earrings want YOU to enchant and captivate! Wear them when YOU wish to impress.\n\nAAA+ Quality Zircons\n925 Sterling silver \nPerfect for sensitive ears\nRhodium e-coat to prevent tarnish\nComes with the Behold Jewellery kit and authenticity certificate","price":"1999","oldPrice":"2599","quantity":1,"currency":"INR","sku":"","outOfStock":false,"isFeatured":false,"categories":["5"],"images":[{"url":"/images/Earring3.1.jpg?rand=4e5b"},{"url":"/images/Earring3.webp?rand=0beb"}],"created":1712817953708,"updated":1712820024580,"isDefault":false},{"id":"10","name":"silver-besotted-by-blue-ring","title":"Silver Besotted By Blue Ring","description":"The Inspiration:\n\nThe Silver Besotted By Blue Ring is inspired by the clear blue skies on a crisp wintry morning.","fullDescription":"This silver ring has a beautiful design with a blue-coloured stone placed at the centre and two zircons placed at both sides.\n\n925 Silver \nPerfect for sensitive skin\nAdjustable size to ensure no fitting issues\nDiameter: 1.7 cm + Adjustable\nFree size\nComes with the Behold Jewellery kit and authenticity certificate\nContent: Ring\nNet Qty - 1 unit","price":"10","oldPrice":"","quantity":1,"currency":"INR","sku":"","outOfStock":false,"isFeatured":false,"categories":[],"images":[{"url":"/images/Ring5.1.webp?rand=c789"},{"url":"/images/Ring5.webp?rand=32ff"}],"created":1712817685395,"updated":1712820043437,"isDefault":false},{"id":"9","name":"silver-solitaire-grace-ring","title":"Silver Solitaire Grace Ring","description":"The Inspiration:\n\nEveryone's focus will be on you with this ring. This ring demands to be in your must-have jewellery.","fullDescription":"This silver ring features a circular zircon set in a bypass shank sporting zircons.\n\n925 Silver\nDiameter: 1.66 cm \nFixed Size\nRing size: Indian - 12\nComes with the Behold Jewellery kit and authenticity certificate\nContent: Ring\nNet Qty- 1","price":"1699","oldPrice":"1999","quantity":1,"currency":"INR","sku":"","outOfStock":false,"isFeatured":false,"categories":["4"],"images":[{"url":"/images/Ring3.1.webp?rand=17f7"},{"url":"/images/Ring3.webp?rand=f3cb"}],"created":1712817538699,"updated":1712820066661,"isDefault":false},{"id":"8","name":"silver-purple-vibrant-ring","title":"Silver Purple Vibrant Ring","description":"The Inspiration:\n\nThe Hue of Purple brings in a lot of liveliness. This ring symbolises the bold and happy spirit that you embody.","fullDescription":"This silver ring has a big square purple-coloured zircon set in the centre of a zircon studded band.\n\n925 Silver\nPerfect for sensitive skin\nAdjustable size to ensure no fitting issues\nRing Diameter: 1.66 cm + Adjustable\nComes with the Behold Jewellery kit and authenticity certificate\nContent: Ring\nNet Qty - 1 unit","price":"1599","oldPrice":"1999","quantity":1,"currency":"INR","sku":"","outOfStock":false,"isFeatured":false,"categories":[],"images":[{"url":"/images/Ring4.1.jpg?rand=2c20"},{"url":"/images/Ring4.webp?rand=0c24"}],"created":1712817152049,"updated":1712820082235,"isDefault":false},{"id":"7","name":"rose-gold-serendipity-ring","title":"Rose Gold Serendipity Ring","description":"The Inspiration:\n\nHey, do you believe in serendipity? We've got something that'll make you smile when it graces your finger.","fullDescription":"This rose gold ring features dual dewdrop motifs attached, with one adorned with a coloured stone and the other with a zircon. \n\n925 Silver with Rose Gold Plating\nPerfect for sensitive skin\nRing Diameter: 1.7 cm \nRing size: Indian - 12, US - 6\nComes with the Behold Jewellery kit and authenticity certificate\nContent: Ring\nNet Qty - 1 unit","price":"1399","oldPrice":"1899","quantity":1,"currency":"INR","sku":"","outOfStock":false,"isFeatured":false,"categories":["4"],"images":[{"url":"/images/Ring7.1.webp?rand=bbc9"},{"url":"/images/Ring7.webp?rand=9375"}],"created":1712816799757,"updated":1712820166698,"isDefault":false},{"id":"1","name":"silver-heartlock-bracelet","title":"Silver Heartlock Bracelet","description":"The Inspiration:\n\nLook at this cute Heartlock Bracelet! Adorable silver shine heart locked with single zircons. The perfect shiny bracelet for everyday cuteness!","fullDescription":"925 Silver \nPerfect for sensitive skin\nLength of chain: 17 cm + 4.5 cm Adjustable\nComes with the GIVA Jewellery kit and authenticity certificate\nContent: Bracelet\nNet Qty- 1 unit","price":"1299","oldPrice":"1999","quantity":1,"currency":"INR","sku":"","outOfStock":false,"isFeatured":false,"categories":["7"],"images":[{"url":"/images/BBs1.1.jpg?rand=ec9b"},{"url":"/images/BBs1.webp?rand=6903"}],"created":1712752056976,"updated":1712820334331,"isDefault":true},{"id":"5","name":"silver-zircon-sparkling-loop-ring","title":"Silver Zircon Sparkling Loop Ring","description":"The Inspiration:\n\nDIVA, there's no accessory as important as self-confidence. When YOU believe in yourself, YOU truly sparkle. Inspired by YOUR dazzle, we've crafted this Silver Zircon Sparkling Loop Ring, a reminder to keep believing in yourself.","fullDescription":"AAA+ Quality Zircon Stones\n925 Sterling Silver\nAdjustable size to ensure no fitting issues\nRing size 5.5 - 10 / 16mm -19.8mm (adjustable)\nHypoallergenic - Perfect for sensitive skin\nRhodium e-coat to prevent tarnish.\nComes with the Behold Jewellery kit and authenticity certificate","price":"1699","oldPrice":"3399","quantity":1,"currency":"INR","sku":"","outOfStock":false,"isFeatured":false,"categories":["4"],"images":[{"url":"/images/Ring1.1.webp?rand=8e94"},{"url":"/images/Ring1.webp"}],"created":1712752056976,"updated":1712820206318,"isDefault":true},{"id":"2","name":"silver-zircon-drizzle-drop-earrings","title":"Silver Zircon Drizzle Drop Earrings","description":"The Inspiration:\n\nLike a light drizzle on a summer afternoon, YOU are a marvel of nature that leaves everyone spellbound. But even a soothing drizzle feels better when it partners with a chilly breeze.  ","fullDescription":"AAA+ Quality Zircons\n925 Sterling silver \nDimensions: 2.6 cm x 0.95 cm\nPerfect for sensitive ears\nRhodium e-coat to prevent tarnish\nComes with the Behold Jewellery kit and authenticity certificate","price":"999","oldPrice":"1599","quantity":1,"currency":"INR","sku":"","outOfStock":false,"isFeatured":false,"categories":["5"],"images":[{"url":"/images/Earrings1.1.webp?rand=82c4"},{"url":"/images/Earrings1.webp?rand=3c5b"}],"created":1712752056976,"updated":1712820227103,"isDefault":true},{"id":"3","name":"elegance-on-the-rise-necklace","title":"Elegance On The Rise Necklace","description":"The Inspiration:\n\nThe Elegance on the Rise Necklace is supposed to be your best companion. Elegance can never be caught at the first moment. Rather, it can only be defined by what you wear and how you carry it.","fullDescription":"Includes 16\" + 2\" adjustable Sterling Silver Chain\n925 Silver \nAAA+ Quality Zircons\nStone1: 16.5 mm x 9 mm; Stone 2: 7mm; Chain Length: 28 mm \nRhodium finish to prevent tarnish \nComes with the Behold Jewellery kit and authenticity certificate","price":"1899","oldPrice":"2599","quantity":1,"currency":"INR","sku":"","outOfStock":false,"isFeatured":false,"categories":["6"],"images":[{"url":"/images/Pendant3.1.webp?rand=b62a"}],"created":1712752056976,"updated":1712820299340,"isDefault":true},{"id":"4","name":"rose-gold-shiny-drop-earrings","title":"Rose Gold Shiny Drop Earrings","description":"The Inspiration:\n\nWhoever said big things come in small packages was clearly talking about these Rose Gold Shiny Drop Earrings. Rich Rose Gold meets shiny zircons to bring these cuties to life. Truly chhota packet, bada dhamaka.","fullDescription":"AAA+ Quality Zircon Stones\n925 Sterling Silver with Rose Gold plating \nPerfect for sensitive ears\nComes with the Behold Jewellery kit and authenticity certificate","price":"999","oldPrice":"1599","quantity":1,"currency":"INR","sku":"","outOfStock":false,"isFeatured":false,"categories":["5"],"images":[{"url":"/images/Earring4.1.webp?rand=8b06"},{"url":"/images/Earring4.webp?rand=d13f"}],"created":1712752056976,"updated":1712820321896,"isDefault":true},{"id":"6","name":"silver-zircon-embrace-ring","title":"Silver Zircon Embrace Ring","description":"The Inspiration:\n\nDIVA, we all have that special one in our lives, the one for whom our heart truly beats. This beautiful Silver Zircon Embrace Ring is inspired by the soft embraces we give and receive. A testament to our special moments!","fullDescription":"This ring is a memento to the good times. Keep it with YOU always.\n\nAAA+ Quality Zircon Stones\n925 Sterling Silver\nAdjustable size to ensure no fitting issues\nRing size 8-10/ 18mm -19.8mm (adjustable)\nRhodium e-coat to prevent tarnish\nComes with the Behold Jewellery kit and authenticity certificate","price":"1599","oldPrice":"3399","quantity":1,"currency":"INR","sku":"","outOfStock":false,"isFeatured":false,"categories":["4"],"images":[{"url":"/images/Ring2.1.jpg?rand=5f26"},{"url":"/images/Ring2.webp"}],"created":1712752056976,"updated":1712820186446,"isDefault":true}],"categories":[{"id":"1","title":"Clothes","categoryId":null,"created":1712752056976,"updated":1712752056976},{"id":"2","title":"Shoes","categoryId":null,"created":1712752056976,"updated":1712752056976},{"id":"3","title":"Accessories","categoryId":null,"created":1712752056976,"updated":1712752056976},{"id":"4","title":"Rings","categoryId":null,"created":1712780907967,"updated":1712780907967},{"id":"5","title":"Earrings","categoryId":null,"created":1712782386553,"updated":1712782386553},{"id":"6","title":"Pendants","categoryId":null,"created":1712782780181,"updated":1712782780181},{"id":"7","title":"Bracelets","categoryId":null,"created":1712783053485,"updated":1712783053485}]}